,title,year,certificate,time,genre,rating,metascore,simple_desc,directors,stars,votes,gross
0,Whiplash,(2014),R,106 min,"Drama, Music",8.5,89        ,A promising young drummer enrolls at a cut-throat music conservatory where his dreams of greatness are mentored by an instructor who will stop at nothing to realize a student's potential.,['Damien Chazelle'],"['Miles Teller', 'J.K. Simmons', 'Melissa Benoist', 'Paul Reiser']","906,277",$13.09M
1,The Pianist,(2002),R,150 min,"Biography, Drama, Music",8.5,85        ,A Polish Jewish musician struggles to survive the destruction of the Warsaw ghetto of World War II.,['Roman Polanski'],"['Adrien Brody', 'Thomas Kretschmann', 'Frank Finlay', 'Emilia Fox']","857,182",$32.57M
2,Coco,(I) (2017),PG,105 min,"Animation, Adventure, Comedy",8.4,81        ,"Aspiring musician Miguel, confronted with his family's ancestral ban on music, enters the Land of the Dead to find his great-great-grandfather, a legendary singer.","['Lee Unkrich', 'Adrian Molina']","['Anthony Gonzalez', 'Gael García Bernal', 'Benjamin Bratt', 'Alanna Ubach']","535,622",$209.73M
3,Amadeus,(1984),R,160 min,"Biography, Drama, Music",8.4,88        ,"The life, success and troubles of Wolfgang Amadeus Mozart, as told by Antonio Salieri, the contemporaneous composer who was deeply jealous of Mozart's talent and claimed to have murdered him.",['Milos Forman'],"['F. Murray Abraham', 'Tom Hulce', 'Elizabeth Berridge', 'Roy Dotrice']","410,050",$51.97M
4,Green Book,(2018),PG-13,130 min,"Biography, Comedy, Drama",8.2,69        ,A working-class Italian-American bouncer becomes the driver for an African-American classical pianist on a tour of venues through the 1960s American South.,['Peter Farrelly'],"['Viggo Mortensen', 'Mahershala Ali', 'Linda Cardellini', 'Sebastian Maniscalco']","520,159",$85.08M
5,Some Like It Hot,(1959),Passed,121 min,"Comedy, Music, Romance",8.2,98        ,"After two male musicians witness a mob hit, they flee the state in an all-female band disguised as women, but further complications set in.",['Billy Wilder'],"['Marilyn Monroe', 'Tony Curtis', 'Jack Lemmon', 'George Raft']","273,382",$25.00M
6,Farewell My Concubine,(1993),R,171 min,"Drama, Music, Romance",8.1,83        ,Two boys meet at an opera training school in Peking in 1924. Their resulting friendship will span nearly 70 years and will endure some of the most troublesome times in China's history.,['Kaige Chen'],"['Leslie Cheung', 'Fengyi Zhang', 'Gong Li', 'You Ge']","30,900",$5.22M
7,The Red Shoes,(1948),Not Rated,135 min,"Drama, Music, Romance",8.1,-,A young ballet dancer is torn between the man she loves and her pursuit to become a prima ballerina.,"['Michael Powell', 'Emeric Pressburger']","['Anton Walbrook', 'Marius Goring', 'Moira Shearer', 'Robert Helpmann']","36,880",$10.90M
8,Autumn Sonata,(1978),PG,99 min,"Drama, Music",8.1,-,"A devoted wife is visited by her mother, a successful concert pianist who had little time for her when she was young.",['Ingmar Bergman'],"['Ingrid Bergman', 'Liv Ullmann', 'Lena Nyman', 'Halvar Björk']","35,893",-
9,La La Land,(2016),PG-13,128 min,"Comedy, Drama, Music",8.0,94        ,"While navigating their careers in Los Angeles, a pianist and an actress fall in love while attempting to reconcile their aspirations for the future.",['Damien Chazelle'],"['Ryan Gosling', 'Emma Stone', 'Rosemarie DeWitt', 'J.K. Simmons']","616,301",$151.10M
10,CODA,(2021),PG-13,111 min,"Comedy, Drama, Music",8.0,72        ,"As a CODA (Child of Deaf Adults) Ruby is the only hearing person in her deaf family. When the family's fishing business is threatened, Ruby finds herself torn between pursuing her passion at Berklee College of Music and her fear of abandoning her parents.",['Sian Heder'],"['Emilia Jones', 'Marlee Matlin', 'Troy Kotsur', 'Daniel Durant']","146,532",-
11,Soul,(2020),PG,100 min,"Animation, Adventure, Comedy",8.0,83        ,"After landing the gig of a lifetime, a New York jazz pianist suddenly finds himself trapped in a strange land between Earth and the afterlife.","['Pete Docter', 'Kemp Powers']","['Jamie Foxx', 'Tina Fey', 'Graham Norton', 'Rachel House']","346,142",-
12,Pink Floyd: The Wall,(1982),R,95 min,"Drama, Fantasy, Music",8.0,47        ,A confined but troubled rock star descends into madness in the midst of his physical and social isolation from everyone.,['Alan Parker'],"['Bob Geldof', 'Christine Hargreaves', 'James Laurenson', 'Eleanor David']","83,085",$22.24M
13,The Legend of 1900,(1998),R,169 min,"Drama, Music, Romance",8.0,58        ,"A baby boy discovered on an ocean liner in 1900 grows into a musical prodigy, never setting foot on land.",['Giuseppe Tornatore'],"['Tim Roth', 'Pruitt Taylor Vince', 'Mélanie Thierry', 'Bill Nunn']","66,694",$0.26M
14,Limelight,(1952),G,137 min,"Drama, Music, Romance",8.0,84        ,A fading comedian and a suicidally despondent ballet dancer must look to each other to find purpose and hope in their lives.,['Charles Chaplin'],"['Charles Chaplin', 'Claire Bloom', 'Nigel Bruce', 'Buster Keaton']","21,255",$1.00M
15,Almost Famous,(2000),R,122 min,"Adventure, Comedy, Drama",7.9,90        ,A high-school boy in the early 1970s is given the chance to write a story for Rolling Stone magazine about an up-and-coming rock band as he accompanies them on their concert tour.,['Cameron Crowe'],"['Billy Crudup', 'Patrick Fugit', 'Kate Hudson', 'Frances McDormand']","283,979",$32.53M
16,Bohemian Rhapsody,(2018),PG-13,134 min,"Biography, Drama, Music",7.9,49        ,"The story of the legendary British rock band Queen and lead singer Freddie Mercury, leading up to their famous performance at Live Aid (1985).",['Bryan Singer'],"['Rami Malek', 'Lucy Boynton', 'Gwilym Lee', 'Ben Hardy']","556,669",$216.43M
17,The Blues Brothers,(1980),R,133 min,"Action, Adventure, Comedy",7.9,60        ,"Jake Blues rejoins with his brother Elwood after being released from prison, but the duo has just days to reunite their old R&B band and save the Catholic home where the two were raised, outrunning the police as they tear through Chicago.",['John Landis'],"['John Belushi', 'Dan Aykroyd', 'Cab Calloway', 'John Candy']","206,025",$57.23M
18,This Is Spinal Tap,(1984),R,82 min,"Comedy, Music",7.9,92        ,"Spinal Tap, one of England's loudest bands, is chronicled by film director Marty DiBergi on what proves to be a fateful tour.",['Rob Reiner'],"['Rob Reiner', 'Michael McKean', 'Christopher Guest', 'Kimberly Stringer']","143,003",$4.74M
19,Sing Street,(2016),PG-13,106 min,"Comedy, Drama, Music",7.9,79        ,A boy growing up in Dublin during the 1980s escapes his strained family life by starting a band to impress the mysterious girl he likes.,['John Carney'],"['Ferdia Walsh-Peelo', 'Aidan Gillen', 'Maria Doyle Kennedy', 'Jack Reynor']","97,355",$3.24M
20,Three Colors: Blue,(1993),R,94 min,"Drama, Music, Mystery",7.9,87        ,A woman struggles to find a way to live her life after the death of her husband and child.,['Krzysztof Kieslowski'],"['Juliette Binoche', 'Zbigniew Zamachowski', 'Julie Delpy', 'Benoît Régent']","106,145",$1.32M
21,Cléo from 5 to 7,(1962),Not Rated,90 min,"Comedy, Drama, Music",7.9,87        ,"Cleo, a singer and hypochondriac, becomes increasingly worried that she might have cancer while awaiting test results from her doctor.",['Agnès Varda'],"['Corinne Marchand', 'Antoine Bourseiller', 'Dominique Davray', 'Dorothée Blanck']","24,608",-
22,Gully Boy,(2019),Not Rated,154 min,"Drama, Music, Romance",7.9,65        ,A coming-of-age story based on the lives of street rappers in Mumbai.,['Zoya Akhtar'],"['Ranveer Singh', 'Alia Bhatt', 'Siddhant Chaturvedi', 'Vijay Raaz']","41,369",$5.57M
23,Walk the Line,(2005),PG-13,136 min,"Biography, Drama, Music",7.8,72        ,"A chronicle of country music legend Johnny Cash's life, from his early days on an Arkansas cotton farm to his rise to fame with Sun Records in Memphis, where he recorded alongside Elvis Presley, Jerry Lee Lewis, and Carl Perkins.",['James Mangold'],"['Joaquin Phoenix', 'Reese Witherspoon', 'Ginnifer Goodwin', 'Robert Patrick']","257,512",$119.52M
24,Straight Outta Compton,(2015),R,147 min,"Biography, Drama, History",7.8,72        ,"The rap group NWA emerges from the mean streets of Compton in Los Angeles, California, in the mid-1980s and revolutionizes Hip Hop culture with their music and tales about life in the hood.",['F. Gary Gray'],"[""O'Shea Jackson Jr."", 'Corey Hawkins', 'Jason Mitchell', 'Neil Brown Jr.']","209,318",$161.20M
25,All That Jazz,(1979),R,123 min,"Drama, Music, Musical",7.8,72        ,"Director/choreographer Bob Fosse tells his own life story as he details the sordid career of Joe Gideon, a womanizing, drug-using dancer.",['Bob Fosse'],"['Roy Scheider', 'Jessica Lange', 'Ann Reinking', 'Leland Palmer']","33,466",$37.82M
26,Cabaret,(1972),PG,124 min,"Drama, Music, Musical",7.8,80        ,A female girlie club entertainer in Weimar Republic era Berlin romances two men while the Nazi Party rises to power around them.,['Bob Fosse'],"['Liza Minnelli', 'Michael York', 'Helmut Griem', 'Joel Grey']","57,155",$42.77M
27,Once,(I) (2007),R,86 min,"Drama, Music, Romance",7.8,90        ,"A modern-day musical about a busker and an immigrant and their eventful week in Dublin, as they write, rehearse and record songs that tell their love story.",['John Carney'],"['Glen Hansard', 'Markéta Irglová', 'Hugh Walsh', 'Gerard Hendrick']","118,836",$9.44M
28,The Chorus,(2004),PG-13,97 min,"Comedy, Drama, Music",7.8,56        ,The new teacher at a severely administered boys' boarding school works to positively affect the students' lives through music.,['Christophe Barratier'],"['Gérard Jugnot', 'François Berléand', 'Jean-Baptiste Maunier', 'Kad Merad']","64,666",$3.64M
29,A Night at the Opera,(1935),Passed,96 min,"Comedy, Music, Musical",7.8,-,A sly business manager and the wacky friends of two opera singers in Italy help them achieve success in America while humiliating their stuffy and snobbish enemies.,"['Sam Wood', 'Edmund Goulding']","['Groucho Marx', 'Chico Marx', 'Harpo Marx', 'Kitty Carlisle']","33,724",$2.54M
30,Secret Superstar,(2017),Not Rated,150 min,"Drama, Music",7.8,-,A talented teenage singer-songwriter living amid domestic abuse becomes a YouTube sensation after a video in which she hides her identity goes viral.,['Advait Chandan'],"['Zaira Wasim', 'Meher Vij', 'Raj Arjun', 'Aamir Khan']","27,793",-
31,"O Brother, Where Art Thou?",(2000),PG-13,107 min,"Adventure, Comedy, Crime",7.7,69        ,"In the deep south during the 1930s, three escaped convicts search for hidden treasure while a relentless lawman pursues them.","['Joel Coen', 'Ethan Coen']","['George Clooney', 'John Turturro', 'Tim Blake Nelson', 'John Goodman']","320,170",$45.51M
32,Sound of Metal,(2019),R,120 min,"Drama, Music",7.7,82        ,A heavy metal drummer's life is turned upside down when he begins to lose his hearing and he must confront a future filled with silence.,['Darius Marder'],"['Riz Ahmed', 'Olivia Cooke', 'Paul Raci', 'Lauren Ridloff']","137,247",-
33,Ray,(I) (2004),PG-13,152 min,"Biography, Drama, Music",7.7,73        ,"The story of the life and career of the legendary rhythm and blues musician Ray Charles, from his humble beginnings in the South, where he went blind at age seven, to his meteoric rise to stardom during the 1950s and 1960s.",['Taylor Hackford'],"['Jamie Foxx', 'Regina King', 'Kerry Washington', 'Clifton Powell']","152,146",$75.33M
34,Billy Elliot,(2000),R,110 min,"Drama, Music",7.7,74        ,A talented young boy becomes torn between his unexpected love of dance and the disintegration of his family.,['Stephen Daldry'],"['Jamie Bell', 'Julie Walters', 'Jean Heywood', 'Jamie Draven']","138,522",$22.00M
35,Fantasia,(1940),G,124 min,"Animation, Family, Fantasy",7.7,96        ,"A collection of animated interpretations of great works of Western classical music, ranging from the abstract to depictions of mythology and fantasy, and settings including the prehistoric, supernatural and sacred.","['James Algar', 'Samuel Armstrong', 'Ford Beebe Jr.', 'Norman Ferguson', 'David Hand', 'Jim Handley', 'T. Hee', 'Wilfred Jackson', 'Hamilton Luske', 'Bill Roberts', 'Paul Satterfield', 'Ben Sharpsteen']","['Leopold Stokowski', 'Deems Taylor', 'The Philadelphia Orchestra', 'Corey Burton']","99,864",$76.41M
36,The Double Life of Véronique,(1991),R,98 min,"Drama, Fantasy, Music",7.7,86        ,"Two parallel stories about two identical women; one living in Poland, the other in France. They don't know each other, but their lives are nevertheless profoundly connected.",['Krzysztof Kieslowski'],"['Irène Jacob', 'Wladyslaw Kowalski', 'Halina Gryglaszewska', 'Kalina Jedrusik']","50,814",$2.00M
37,The Broken Circle Breakdown,(2012),Not Rated,111 min,"Drama, Music, Romance",7.7,70        ,"Elise and Didier fall in love at first sight, in spite of their differences. He talks, she listens. He's a romantic atheist, she's a religious realist. When their daughter becomes seriously ill, their love is put on trial.",['Felix van Groeningen'],"['Veerle Baetens', 'Johan Heldenbergh', 'Nell Cattrysse', 'Geert Van Rampelberg']","42,051",$0.18M
38,Hedwig and the Angry Inch,(2001),R,95 min,"Comedy, Drama, Music",7.7,85        ,A gender-queer punk-rock singer from East Berlin tours the U.S. with her band as she tells her life story and follows the former lover/band-mate who stole her songs.,['John Cameron Mitchell'],"['John Cameron Mitchell', 'Miriam Shor', 'Stephen Trask', 'Theodore Liscinski']","36,519",$3.03M
39,The Triplets of Belleville,(2003),PG-13,80 min,"Animation, Adventure, Comedy",7.7,91        ,"When her grandson is kidnapped during the Tour de France, Madame Souza and her beloved pooch Bruno team up with the Belleville Sisters--an aged song-and-dance team from the days of Fred Astaire--to rescue him.",['Sylvain Chomet'],"['Michèle Caucheteux', 'Jean-Claude Donda', 'Michel Robin', 'Monica Viegas']","55,751",$7.00M
40,Rockstar,(2011),Not Rated,159 min,"Drama, Music, Romance",7.7,-,"Janardhan Jakhar chases his dreams of becoming a big Rock star, during which he falls in love with Heer.",['Imtiaz Ali'],"['Ranbir Kapoor', 'Nargis Fakhri', 'Shammi Kapoor', 'Kumud Mishra']","46,377",$0.99M
41,Joyeux Noel,(2005),PG-13,116 min,"Drama, History, Music",7.7,70        ,"In December 1914, an unofficial Christmas truce on the Western Front allows soldiers from opposing sides of the First World War to gain insight into each other's way of life.",['Christian Carion'],"['Diane Kruger', 'Benno Fürmann', 'Guillaume Canet', 'Natalie Dessay']","30,791",$1.05M
42,Rock On!!,(2008),Not Rated,145 min,"Drama, Music",7.7,-,Four friends reunite to relive their moments of glory as a rock band.,['Abhishek Kapoor'],"['Arjun Rampal', 'Farhan Akhtar', 'Luke Kenny', 'Purab Kohli']","22,536",-
43,Baby Driver,(2017),R,113 min,"Action, Crime, Drama",7.6,86        ,"After being coerced into working for a crime boss, a young getaway driver finds himself taking part in a heist doomed to fail.",['Edgar Wright'],"['Ansel Elgort', 'Jon Bernthal', 'Jon Hamm', 'Eiza González']","567,587",$107.83M
44,A Star Is Born,(2018),R,136 min,"Drama, Music, Romance",7.6,88        ,A musician helps a young singer find fame as age and alcoholism send his own career into a downward spiral.,['Bradley Cooper'],"['Lady Gaga', 'Bradley Cooper', 'Sam Elliott', 'Greg Grunberg']","398,057",$215.29M
45,The Commitments,(1991),R,118 min,"Comedy, Drama, Music",7.6,73        ,"Jimmy Rabbitte, an unemployed Dublin boy, decides to put together a soul band made up entirely of the Irish working class.",['Alan Parker'],"['Robert Arkins', 'Michael Aherne', 'Angeline Ball', 'Maria Doyle Kennedy']","36,982",$14.92M
46,Nashville,(1975),R,160 min,"Comedy, Drama, Music",7.6,96        ,"Over the course of a few hectic days, numerous interrelated people prepare for a political convention.",['Robert Altman'],"['Keith Carradine', 'Karen Black', 'Ronee Blakley', 'Shelley Duvall']","27,415",$14.82M
47,Victor/Victoria,(1982),PG,134 min,"Comedy, Music, Romance",7.6,84        ,"A struggling female soprano finds work playing a male female impersonator, but it complicates her personal life.",['Blake Edwards'],"['Julie Andrews', 'James Garner', 'Robert Preston', 'Lesley Ann Warren']","22,615",$21.93M
48,La Vie En Rose,(2007),PG-13,140 min,"Biography, Drama, Music",7.6,66        ,"Biopic of the iconic French singer Édith Piaf. Raised by her grandmother in a brothel, she was discovered while singing on a street corner at the age of 19. Despite her success, Piaf's life was filled with tragedy.",['Olivier Dahan'],"['Marion Cotillard', 'Sylvie Testud', 'Pascal Greggory', 'Emmanuelle Seigner']","88,873",$10.30M
49,Control,(2007),R,122 min,"Biography, Drama, Music",7.6,78        ,"A profile of Ian Curtis, the enigmatic singer of Joy Division whose personal, professional, and romantic troubles led him to commit suicide at the age of 23.",['Anton Corbijn'],"['Sam Riley', 'Samantha Morton', 'Craig Parkinson', 'Alexandra Maria Lara']","66,994",$0.87M
50,Shine,(1996),PG-13,105 min,"Biography, Drama, Music",7.6,87        ,"Pianist David Helfgott, driven by his father and teachers, has a breakdown. Years later he returns to the piano, to popular if not critical acclaim.",['Scott Hicks'],"['Geoffrey Rush', 'Armin Mueller-Stahl', 'Justin Braine', 'Sonia Todd']","55,337",$35.81M
51,The Red Violin,(1998),R,130 min,"Drama, Music, Mystery",7.6,57        ,"A red-colored violin inspires passion, making its way through three centuries over several owners and countries, eventually ending up at an auction where it may find a new owner.",['François Girard'],"['Carlo Cecchi', 'Jean-Luc Bideau', 'Christoph Koncz', 'Jason Flemyng']","33,770",$9.47M
52,Tár,(2022),R,158 min,"Drama, Music",7.5,92        ,"Set in the international world of Western classical music, the film centers on Lydia Tár, widely considered one of the greatest living composer-conductors and the very first female director of a major German orchestra.",['Todd Field'],"['Cate Blanchett', 'Noémie Merlant', 'Nina Hoss', 'Sophie Kauer']","73,271",-
53,The Piano Teacher,(2001),R,131 min,"Drama, Music",7.5,79        ,A young man romantically pursues his masochistic piano teacher.,['Michael Haneke'],"['Isabelle Huppert', 'Annie Girardot', 'Benoît Magimel', 'Susanne Lothar']","67,781",$1.90M
54,The Piano,(1993),R,121 min,"Drama, Music, Romance",7.5,89        ,"In the mid-19th century a mute woman is sent to New Zealand along with her young daughter and prized piano for an arranged marriage to a farmer, but is soon lusted after by a farm worker.",['Jane Campion'],"['Holly Hunter', 'Harvey Keitel', 'Sam Neill', 'Anna Paquin']","91,609",$40.16M
55,"The Adventures of Priscilla, Queen of the Desert",(1994),R,104 min,"Comedy, Music",7.5,70        ,Two drag performers and a transgender woman travel across the desert to perform their unique style of cabaret.,['Stephan Elliott'],"['Hugo Weaving', 'Guy Pearce', 'Terence Stamp', 'Rebel Penfold-Russell']","52,241",$11.22M
56,The Producers,(1967),PG,88 min,"Comedy, Music",7.5,96        ,A stage-play producer devises a plan to make money by producing a sure-fire flop.,['Mel Brooks'],"['Zero Mostel', 'Gene Wilder', 'Dick Shawn', 'Kenneth Mars']","57,771",$0.11M
57,Cold War,(2018),R,89 min,"Drama, Music, Romance",7.5,90        ,"In the 1950s, a music director falls in love with a singer and tries to persuade her to flee communist Poland for France.",['Pawel Pawlikowski'],"['Joanna Kulig', 'Tomasz Kot', 'Borys Szyc', 'Agata Kulesza']","59,511",$4.57M
58,High Fidelity,(2000),R,113 min,"Comedy, Drama, Music",7.4,79        ,"Rob, a record store owner and compulsive list maker, recounts his top five breakups, including the one in progress.",['Stephen Frears'],"['John Cusack', 'Iben Hjejle', 'Todd Louiso', 'Jack Black']","184,636",$27.29M
59,Begin Again,(II) (2013),R,104 min,"Comedy, Drama, Music",7.4,62        ,"A chance encounter between a down-and-out music-business executive and a young singer-songwriter, new to Manhattan, turns into a promising collaboration between the two talents.",['John Carney'],"['Keira Knightley', 'Mark Ruffalo', 'Adam Levine', 'Hailee Steinfeld']","161,171",$16.17M
60,Inside Llewyn Davis,(2013),R,104 min,"Drama, Music",7.4,93        ,A week in the life of a young singer as he navigates the Greenwich Village folk scene of 1961.,"['Ethan Coen', 'Joel Coen']","['Oscar Isaac', 'Carey Mulligan', 'John Goodman', 'Garrett Hedlund']","158,198",$13.24M
61,August Rush,(2007),PG,114 min,"Drama, Music",7.4,38        ,An orphaned musical prodigy uses his gift to try to find his birth parents.,['Kirsten Sheridan'],"['Freddie Highmore', 'Keri Russell', 'Jonathan Rhys Meyers', 'Terrence Howard']","109,232",$31.66M
62,SLC Punk!,(1998),R,97 min,"Comedy, Drama, Music",7.4,50        ,"In the early 1980s Stevo, and Heroin Bob are the only two dedicated punks in conservative Salt Lake City.",['James Merendino'],"['Matthew Lillard', 'Michael A. Goorjian', 'Annabeth Gish', 'Jennifer Lien']","31,210",$0.30M
63,Love & Mercy,(2014),PG-13,121 min,"Biography, Drama, Music",7.4,80        ,"In the 60s, Beach Boys leader Brian Wilson struggles with emerging psychosis as he attempts to craft his avant-garde pop masterpiece. In the 80s, he's a broken, confused man under the 24-hour watch of shady therapist, Dr. Eugene Landy.",['Bill Pohlad'],"['John Cusack', 'Paul Dano', 'Elizabeth Banks', 'Paul Giamatti']","41,019",$12.55M
64,Immortal Beloved,(1994),R,121 min,"Biography, Drama, Music",7.4,-,"The life and death of the legendary Ludwig van Beethoven. Besides all the work he is known for, the composer once wrote a famous love letter to a nameless beloved, and the movie tries to ...                See full summary »",['Bernard Rose'],"['Gary Oldman', 'Jeroen Krabbé', 'Isabella Rossellini', 'Johanna ter Steege']","25,514",$9.91M
65,What's Love Got to Do with It,(1993),R,118 min,"Biography, Drama, Music",7.3,76        ,"The story of singer Tina Turner's rise to stardom and how she gained the courage to break free from her abusive husband, Ike Turner.",['Brian Gibson'],"['Angela Bassett', 'Laurence Fishburne', 'RaéVen Kelly', 'Virginia Capers']","23,249",$39.10M
66,Elvis,(2022),PG-13,159 min,"Biography, Drama, Music",7.3,64        ,"The life of American music icon Elvis Presley, from his childhood to becoming a rock and movie star in the 1950s while maintaining a complex relationship with his manager, Colonel Tom Parker.",['Baz Luhrmann'],"['Tom Hanks', 'Austin Butler', 'Olivia DeJonge', 'Helen Thomson']","209,019",$151.04M
67,Rocketman,(I) (2019),R,121 min,"Biography, Drama, Music",7.3,69        ,A musical fantasy about the fantastical human story of Elton John's breakthrough years.,['Dexter Fletcher'],"['Taron Egerton', 'Jamie Bell', 'Richard Madden', 'Bryce Dallas Howard']","182,496",$96.37M
68,Tarzan,(1999),G,88 min,"Animation, Adventure, Comedy",7.3,79        ,A man raised by gorillas must decide where he really belongs when he discovers he is a human.,"['Chris Buck', 'Kevin Lima']","['Tony Goldwyn', 'Minnie Driver', 'Brian Blessed', 'Glenn Close']","235,415",$171.09M
69,Across the Universe,(2007),PG-13,133 min,"Drama, Fantasy, History",7.3,56        ,The music of The Beatles and the Vietnam War form the backdrop for the romance between an upper-class American girl and a poor Liverpudlian artist.,['Julie Taymor'],"['Evan Rachel Wood', 'Jim Sturgess', 'Joe Anderson', 'Dana Fuchs']","112,362",$24.34M
70,Youth,(I) (2015),R,124 min,"Comedy, Drama, Music",7.3,64        ,A retired orchestra conductor is on vacation with his daughter and his film director best friend in the Alps when he receives an invitation from Queen Elizabeth II to perform for Prince Philip's birthday.,['Paolo Sorrentino'],"['Michael Caine', 'Harvey Keitel', 'Rachel Weisz', 'Jane Fonda']","80,891",$2.70M
71,The Boat That Rocked,(2009),R,117 min,"Comedy, Drama, Music",7.3,58        ,"A band of rogue DJs that captivated Britain, playing the music that defined a generation and standing up to a government that wanted classical music, and nothing else, on the airwaves.",['Richard Curtis'],"['Philip Seymour Hoffman', 'Bill Nighy', 'Nick Frost', 'Michael Hadley']","113,775",$7.99M
72,Hustle & Flow,(2005),R,116 min,"Crime, Drama, Music",7.3,68        ,"With help from his friends, a Memphis pimp in a mid-life crisis attempts to become a successful hip-hop emcee.",['Craig Brewer'],"['Terrence Howard', 'Ludacris', 'Anthony Anderson', 'Taryn Manning']","41,942",$22.20M
73,Phantom of the Paradise,(1974),PG,91 min,"Comedy, Drama, Fantasy",7.3,67        ,"A disfigured composer sells his soul for the woman he loves so that she will perform his music. However, an evil record tycoon betrays him and steals his music to open his rock palace, The Paradise.",['Brian De Palma'],"['Paul Williams', 'William Finley', 'Jessica Harper', 'Gerrit Graham']","20,741",$0.16M
74,Mr. Holland's Opus,(1995),PG,143 min,"Drama, Music",7.3,59        ,A frustrated composer finds fulfillment as a high school music teacher.,['Stephen Herek'],"['Richard Dreyfuss', 'Glenne Headly', 'Jay Thomas', 'Olympia Dukakis']","40,738",$82.57M
75,24 Hour Party People,(2002),R,117 min,"Biography, Comedy, Drama",7.3,85        ,"In 1976, Tony Wilson sets up Factory Records and brings Manchester's music to the world.",['Michael Winterbottom'],"['Steve Coogan', 'Lennie James', 'John Thomson', 'Nigel Pivaro']","38,477",$1.13M
76,School of Rock,(2003),PG-13,109 min,"Comedy, Music",7.2,82        ,"After being kicked out of his rock band, Dewey Finn becomes a substitute teacher of an uptight elementary private school, only to try and turn his class into a rock band.",['Richard Linklater'],"['Jack Black', 'Mike White', 'Joan Cusack', 'Adam Pascal']","316,738",$81.26M
77,8 Mile,(2002),R,110 min,"Drama, Music",7.2,77        ,"Follows a young rapper in the Detroit area, struggling with every aspect of his life, wants to make it big but his friends and foes make this odyssey of rap harder than it may seem.",['Curtis Hanson'],"['Eminem', 'Brittany Murphy', 'Kim Basinger', 'Mekhi Phifer']","302,730",$116.72M
78,Top Secret!,(1984),PG,90 min,"Comedy, Crime, Music",7.2,68        ,An American rock and roll singer (Val Kilmer) becomes involved in a Resistance plot to rescue a scientist (Michael Gough) imprisoned in East Germany.,"['Jim Abrahams', 'David Zucker', 'Jerry Zucker']","['Val Kilmer', 'Omar Sharif', 'Jeremy Kemp', 'Warren Clarke']","69,991",$20.50M
79,The Doors,(1991),R,140 min,"Biography, Drama, Music",7.2,62        ,"The story of the famous and influential 1960s rock band The Doors and its lead singer and composer, Jim Morrison, from his days as a UCLA film student in Los Angeles, to his untimely death in Paris, France at age 27 in 1971.",['Oliver Stone'],"['Val Kilmer', 'Meg Ryan', 'Kyle MacLachlan', 'Frank Whaley']","95,780",$35.18M
80,Crazy Heart,(2009),R,112 min,"Drama, Music, Romance",7.2,83        ,A faded country music musician is forced to reassess his dysfunctional life during a doomed romance that also inspires him.,['Scott Cooper'],"['Jeff Bridges', 'Maggie Gyllenhaal', 'Colin Farrell', 'James Keane']","92,281",$39.46M
81,Strictly Ballroom,(1992),PG,94 min,"Comedy, Drama, Music",7.2,72        ,A maverick dancer risks his career by performing an unusual routine and sets out to succeed with a new partner.,['Baz Luhrmann'],"['Paul Mercurio', 'Tara Morice', 'Bill Hunter', 'Pat Thomson']","28,597",$11.74M
82,Pump Up the Volume,(1990),R,102 min,"Comedy, Drama, Music",7.2,77        ,Mark runs a pirate radio station and causes an uproar when he speaks his mind and enthralls fellow teens.,['Allan Moyle'],"['Christian Slater', 'Samantha Mathis', 'Anthony Luke Lucero', 'Andy Romano']","29,906",$11.54M
83,A Mighty Wind,(2003),PG-13,91 min,"Comedy, Music",7.2,81        ,Mockumentary captures the reunion of 1960s folk trio the Folksmen as they prepare for a show at The Town Hall to memorialize a recently deceased concert promoter.,['Christopher Guest'],"['Christopher Guest', 'Eugene Levy', 'Michael McKean', 'Harry Shearer']","28,815",$17.51M
84,It's All Gone Pete Tong,(2004),R,90 min,"Biography, Comedy, Drama",7.2,56        ,A famous DJ in the Ibiza club scene finds the alcohol and drug-fueled party that is his life threatened by the progressive loss of his hearing.,['Michael Dowse'],"['Paul Kaye', 'Beatriz Batarda', 'Kate Magowan', 'Mike Wilmot']","20,366",$0.12M
85,Brassed Off,(1996),R,108 min,"Comedy, Drama, Music",7.2,60        ,"The coal mine in a northern English village may be closing, which would also mean the end of the miners' brass band.",['Mark Herman'],"['Pete Postlethwaite', 'Tara Fitzgerald', 'Ewan McGregor', 'Stephen Tompkinson']","20,415",$2.56M
86,Rab Ne Bana Di Jodi,(2008),Not Rated,167 min,"Comedy, Drama, Music",7.2,-,"A breathtaking, goose flesh igniting, awe inspiring love journey of an ordinary man Suri and his 'total opposite' love Taani.",['Aditya Chopra'],"['Shah Rukh Khan', 'Anushka Sharma', 'Vinay Pathak', 'M.K. Raina']","50,692",$2.07M
87,Sweet and Lowdown,(1999),PG-13,95 min,"Comedy, Drama, Music",7.2,70        ,"In the 1930s, jazz guitarist Emmet Ray idolizes Django Reinhardt, faces gangsters and falls in love with a mute woman.",['Woody Allen'],"['Sean Penn', 'Samantha Morton', 'Woody Allen', 'Ben Duncan']","35,861",$4.20M
88,The Beat That My Heart Skipped,(2005),Not Rated,108 min,"Crime, Drama, Music",7.2,75        ,"Will Thomas still lead a life of crime and cruelty, just like his thuggish father, or will he pursue his dream of becoming a pianist?",['Jacques Audiard'],"['Romain Duris', 'Aure Atika', 'Emmanuelle Devos', 'Niels Arestrup']","20,136",$1.02M
89,Pitch Perfect,(2012),PG-13,112 min,"Comedy, Music, Romance",7.1,66        ,"Beca, a freshman at Barden University, is cajoled into joining The Bellas, her school's all-girls singing group. Injecting some much needed energy into their repertoire, The Bellas take on their male rivals in a campus competition.",['Jason Moore'],"['Anna Kendrick', 'Brittany Snow', 'Rebel Wilson', 'Anna Camp']","317,619",$65.00M
90,Nowhere Boy,(2009),R,98 min,"Biography, Drama, Music",7.1,67        ,"A chronicle of John Lennon's first years, focused mainly in his adolescence and his relationship with his stern aunt Mimi, who raised him, and his absentee mother Julia, who re-entered his life at a crucial moment in his young life.",['Sam Taylor-Johnson'],"['Aaron Taylor-Johnson', 'Kristin Scott Thomas', 'Anne-Marie Duff', 'David Threlfall']","37,866",$1.45M
91,Kinky Boots,(2005),PG-13,107 min,"Comedy, Drama, Music",7.1,57        ,"A drag queen comes to the rescue of a man who, after inheriting his father's shoe factory, needs to diversify his product if he wants to keep the business afloat.",['Julian Jarrold'],"['Chiwetel Ejiofor', 'Joel Edgerton', 'Sarah-Jane Potts', 'Jemima Rooper']","20,813",$1.82M
92,Human Traffic,(1999),R,99 min,"Comedy, Music",7.1,53        ,Five youngsters embrace the 90s clubbing scene on a drug-fuelled weekend of partying in Cardiff.,['Justin Kerrigan'],"['John Simm', 'Lorraine Pilkington', 'Shaun Parkes', 'Nicola Reynolds']","25,653",$0.10M
93,Fantasia 2000,(1999),G,75 min,"Animation, Family, Fantasy",7.1,59        ,An update of the original film with new interpretations of great works of classical music.,"['James Algar', 'Gaëtan Brizzi', 'Paul Brizzi', 'Hendel Butoy', 'Francis Glebas', 'Eric Goldberg', 'Don Hahn', 'Pixote Hunt']","['James Levine', 'Steve Martin', 'Itzhak Perlman', 'Quincy Jones']","39,955",$60.66M
94,Dirty Dancing,(I) (1987),PG-13,100 min,"Drama, Music, Romance",7.0,65        ,"Spending the summer at a Catskills resort with her family, Frances ""Baby"" Houseman falls in love with the camp's dance instructor, Johnny Castle.",['Emile Ardolino'],"['Patrick Swayze', 'Jennifer Grey', 'Jerry Orbach', 'Cynthia Rhodes']","242,904",$0.62M
95,Wayne's World,(1992),PG-13,94 min,"Comedy, Music",7.0,57        ,Two slacker friends try to promote their public-access cable show.,['Penelope Spheeris'],"['Mike Myers', 'Dana Carvey', 'Rob Lowe', 'Tia Carrere']","163,678",$121.70M
96,That Thing You Do!,(1996),PG,108 min,"Comedy, Drama, Music",7.0,71        ,"A local Pennsylvania band scores a one-hit wonder in 1964 and rides the star-making machinery as long as they can, with lots of help from their manager.",['Tom Hanks'],"['Tom Hanks', 'Liv Tyler', 'Charlize Theron', 'Tom Everett Scott']","71,318",$25.81M
97,Green Room,(2015),R,95 min,"Crime, Drama, Horror",7.0,79        ,A punk rock band is forced to fight for survival after witnessing a murder at a neo-Nazi skinhead bar.,['Jeremy Saulnier'],"['Anton Yelchin', 'Imogen Poots', 'Alia Shawkat', 'Patrick Stewart']","131,503",$3.22M
98,Hairspray,(1988),PG,92 min,"Comedy, Drama, Family",7.0,77        ,A 'pleasantly plump' teenager teaches 1962 Baltimore a thing or two about integration after landing a spot on a local TV dance show.,['John Waters'],"['Sonny Bono', 'Ruth Brown', 'Divine', 'Debbie Harry']","22,457",$6.67M
99,The Dirt,(2019),TV-MA,107 min,"Biography, Comedy, Drama",7.0,39        ,"Based on the bestselling autobiography from Mötley Crüe, the film is an unflinching tale of success and excess as four misfits rise from the streets of Hollywood to the heights of international fame.",['Jeff Tremaine'],"['Douglas Booth', 'Iwan Rheon', 'Colson Baker', 'Daniel Webber']","52,440",-
100,Beaches,(1988),PG-13,123 min,"Comedy, Drama, Music",7.0,46        ,"A privileged rich debutante and a cynical struggling entertainer share a turbulent, but strong childhood friendship over the years.",['Garry Marshall'],"['Bette Midler', 'Barbara Hershey', 'John Heard', 'Spalding Gray']","27,811",$57.04M
101,Sid and Nancy,(1986),R,112 min,"Biography, Drama, Music",7.0,76        ,"The relationship between Sid Vicious, bassist for British punk group Sex Pistols, and his girlfriend Nancy Spungen is portrayed.",['Alex Cox'],"['Gary Oldman', 'Chloe Webb', 'David Hayman', 'Debby Bishop']","33,590",$2.83M
102,Behind the Candelabra,(2013),TV-MA,118 min,"Biography, Drama, Music",7.0,-,A chronicle of the tempestuous six-year romance between megastar singer Liberace and his young lover Scott Thorson.,['Steven Soderbergh'],"['Michael Douglas', 'Matt Damon', 'Scott Bakula', 'Eric Zuckerman']","44,496",-
103,Coffee and Cigarettes,(2003),R,95 min,"Comedy, Drama, Music",7.0,65        ,A series of vignettes that all have coffee and cigarettes in common.,['Jim Jarmusch'],"['Bill Murray', 'Tom Waits', 'Roberto Benigni', 'RZA']","65,518",$1.97M
104,Cadillac Records,(2008),R,109 min,"Biography, Drama, Music",7.0,65        ,Chronicles the rise of Chess Records and its recording artists.,['Darnell Martin'],"['Adrien Brody', 'Jeffrey Wright', 'Beyoncé', 'Columbus Short']","22,428",$8.20M
105,Danny Collins,(2015),R,106 min,"Biography, Comedy, Drama",7.0,58        ,An aging rock star decides to change his life when he discovers a 40-year-old letter written to him by John Lennon.,['Dan Fogelman'],"['Al Pacino', 'Annette Bening', 'Jennifer Garner', 'Bobby Cannavale']","32,433",$5.35M
106,Aashiqui 2,(2013),Not Rated,132 min,"Drama, Music, Musical",7.0,-,Rahul loses his fans and fame due to alcoholism. But he then decides to turn a small time singer into a rising star.,['Mohit Suri'],"['Aditya Roy Kapoor', 'Shraddha Kapoor', 'Shaad Randhawa', 'Salil Acharya']","31,065",-
107,Weird: The Al Yankovic Story,(2022),TV-14,108 min,"Comedy, Crime, Music",6.9,70        ,"Explores every facet of Yankovic's life, from his meteoric rise to fame with early hits like 'Eat It' and 'Like a Surgeon' to his torrid celebrity love affairs and famously depraved lifestyle.",['Eric Appel'],"['Diedrich Bader', 'Daniel Radcliffe', 'Lin-Manuel Miranda', 'Richard Aaron Anderson']","29,682",-
108,Rio,(2011),G,96 min,"Animation, Adventure, Comedy",6.9,63        ,"When Blu, a domesticated macaw from small-town Minnesota, meets the fiercely independent Jewel, he takes off on an adventure to Rio de Janeiro with the bird of his dreams.",['Carlos Saldanha'],"['Jesse Eisenberg', 'Anne Hathaway', 'George Lopez', 'Karen Disher']","237,187",$143.62M
109,Climax,(I) (2018),R,97 min,"Drama, Horror, Music",6.9,67        ,"French dancers gather in a remote, empty school building to rehearse on a wintry night. The all-night celebration morphs into a hallucinatory nightmare when they learn their sangria is laced with LSD.",['Gaspar Noé'],"['Sofia Boutella', 'Romain Guillermic', 'Souheila Yacoub', 'Kiddy Smile']","73,572",$0.80M
110,Bill & Ted's Excellent Adventure,(1989),PG,90 min,"Adventure, Comedy, Music",6.9,50        ,"Two rock-'n-rolling teens, on the verge of failing their class, set out on a quest to make the ultimate school history report after being presented with a time machine.",['Stephen Herek'],"['Keanu Reeves', 'Alex Winter', 'George Carlin', 'Terry Camilleri']","136,167",$40.49M
111,Black Snake Moan,(2006),R,116 min,"Drama, Music",6.9,52        ,"A God-fearing bluesman takes to a wild young woman who, as a victim of childhood sexual abuse, looks everywhere for love, never quite finding it.",['Craig Brewer'],"['Christina Ricci', 'Samuel L. Jackson', 'Justin Timberlake', 'S. Epatha Merkerson']","65,311",$9.40M
112,The Wedding Singer,(1998),PG-13,97 min,"Comedy, Music, Romance",6.9,59        ,"Robbie, a singer, and Julia, a waitress, are both engaged, but to the wrong people. Fortune intervenes to help them discover each other.",['Frank Coraci'],"['Adam Sandler', 'Drew Barrymore', 'Christine Taylor', 'Allen Covert']","156,109",$80.25M
113,Velvet Goldmine,(1998),R,118 min,"Drama, Music",6.9,65        ,"In 1984, British journalist Arthur Stuart investigates the career of 1970s glam superstar Brian Slade, who was heavily influenced in his early years by hard-living and rebellious American singer Curt Wild.",['Todd Haynes'],"['Ewan McGregor', 'Jonathan Rhys Meyers', 'Christian Bale', 'Toni Collette']","37,007",$1.05M
114,La Bamba,(1987),PG-13,108 min,"Biography, Drama, Music",6.9,65        ,Biographical story of the rise from nowhere of early rock and roll singer Ritchie Valens who died at age 17 in a plane crash with Buddy Holly and The Big Bopper.,['Luis Valdez'],"['Lou Diamond Phillips', 'Esai Morales', 'Rosanna DeSoto', 'Elizabeth Peña']","34,923",$54.22M
115,Blinded by the Light,(2019),PG-13,118 min,"Comedy, Drama, Music",6.9,71        ,"In England in 1987, a teenager from an Asian family learns to live his life, understand his family and find his own voice through the music of American rock star Bruce Springsteen.",['Gurinder Chadha'],"['Billy Barratt', 'Ronak Singh Chadha Berges', 'Viveik Kalra', 'Lee Barnett']","26,160",$11.90M
116,Up in Smoke,(1978),R,86 min,"Comedy, Music",6.9,57        ,"Two stoners unknowingly smuggle a van - made entirely of marijuana - from Mexico to L.A., with incompetent Sgt. Stedenko on their trail.","['Lou Adler', 'Tommy Chong']","['Cheech Marin', 'Tommy Chong', 'Strother Martin', 'Edie Adams']","39,777",$44.36M
117,The Fabulous Baker Boys,(1989),R,114 min,"Comedy, Drama, Music",6.9,85        ,"The lives of two struggling musicians, who happen to be brothers, inevitably change when they team up with a beautiful, up-and-coming singer.",['Steve Kloves'],"['Jeff Bridges', 'Michelle Pfeiffer', 'Beau Bridges', 'Ellie Raab']","24,996",$18.10M
118,Ma Rainey's Black Bottom,(2020),R,94 min,"Drama, Music",6.9,87        ,Tensions rise when trailblazing blues singer Ma Rainey and her band gather at a recording studio in Chicago in 1927.,['George C. Wolfe'],"['Viola Davis', 'Chadwick Boseman', 'Glynn Turman', 'Colman Domingo']","55,778",-
119,Frank,(II) (2014),R,95 min,"Comedy, Drama, Music",6.9,75        ,"Jon, a young wanna-be musician, discovers he's bitten off more than he can chew when he joins an eccentric pop band led by the mysterious and enigmatic Frank.",['Lenny Abrahamson'],"['Michael Fassbender', 'Domhnall Gleeson', 'Maggie Gyllenhaal', 'Moira Brooker']","80,788",$0.64M
120,Get on Up,(2014),PG-13,139 min,"Biography, Drama, Music",6.9,71        ,A chronicle of James Brown's rise from extreme poverty to become one of the most influential musicians in history.,['Tate Taylor'],"['Chadwick Boseman', 'Nelsan Ellis', 'Dan Aykroyd', 'Viola Davis']","25,475",$30.51M
121,Vengeance,(II) (2022),R,107 min,"Comedy, Music, Mystery",6.8,65        ,A writer from New York City attempts to solve the murder of a girl he hooked up with and travels down south to investigate the circumstances of her death and discover what happened to her.,['B.J. Novak'],"['B.J. Novak', 'Boyd Holbrook', 'Lio Tipton', 'Ashton Kutcher']","27,506",-
122,Saturday Night Fever,(1977),R,118 min,"Drama, Music",6.8,77        ,"Anxious about his future after high school, a 19-year-old Italian-American from Brooklyn tries to escape the harsh reality of his bleak family life by dominating the dance floor at the local disco.",['John Badham'],"['John Travolta', 'Karen Lynn Gorney', 'Barry Miller', 'Joseph Cali']","83,579",$94.21M
123,Yesterday,(III) (2019),PG-13,116 min,"Comedy, Fantasy, Music",6.8,55        ,A struggling musician realizes he's the only person on Earth who can remember The Beatles after waking up in an alternate reality where they never existed.,['Danny Boyle'],"['Himesh Patel', 'Lily James', 'Sophia Di Martino', 'Ellise Chappell']","159,230",$73.29M
124,Horton Hears a Who!,(2008),G,86 min,"Animation, Adventure, Comedy",6.8,71        ,Horton the Elephant struggles to protect a microscopic community from his neighbors who refuse to believe it exists.,"['Jimmy Hayward', 'Steve Martino']","['Jim Carrey', 'Steve Carell', 'Carol Burnett', 'Will Arnett']","145,475",$154.53M
125,Meet the Robinsons,(2007),G,95 min,"Animation, Adventure, Comedy",6.8,61        ,"Lewis is a brilliant inventor who meets mysterious stranger named Wilbur Robinson, whisking Lewis away in a time machine and together they team up to track down Bowler Hat Guy in a showdown that ends with an unexpected twist of fate.",['Stephen J. Anderson'],"['Daniel Hansen', 'Wesley Singerman', 'Angela Bassett', 'Jordan Fry']","105,544",$97.82M
126,Tenacious D in the Pick of Destiny,(2006),R,94 min,"Adventure, Comedy, Music",6.8,55        ,"To become the greatest band of all time, two slacker, wannabe-rockers set out on a quest to steal a legendary guitar pick that gives its holders incredible guitar skills, from a maximum security Rock and Roll museum.",['Liam Lynch'],"['Jack Black', 'Kyle Gass', 'JR Reed', 'Ronnie James Dio']","111,969",$8.32M
127,Selena,(1997),PG,127 min,"Biography, Drama, Music",6.8,67        ,"The true story of Selena, a Texas-born Tejano singer who rose from cult status to performing at the Astrodome, as well as having chart-topping albums on the Latin music charts.",['Gregory Nava'],"['Jennifer Lopez', 'Edward James Olmos', 'Jon Seda', 'Jackie Guerra']","30,320",$35.42M
128,Judy,(II) (2019),PG-13,118 min,"Biography, Drama, Music",6.8,66        ,Legendary performer Judy Garland arrives in London in the winter of 1968 to perform a series of sold-out concerts.,['Rupert Goold'],"['Renée Zellweger', 'Jessie Buckley', 'Finn Wittrock', 'Rufus Sewell']","52,841",-
129,Walk Hard: The Dewey Cox Story,(2007),R,96 min,"Comedy, Music",6.8,63        ,Singer Dewey Cox overcomes adversity to become a musical legend.,['Jake Kasdan'],"['John C. Reilly', 'Jenna Fischer', 'David Krumholtz', 'Nat Faxon']","75,300",$18.32M
130,Detroit Rock City,(1999),R,95 min,"Adventure, Comedy, Music",6.8,33        ,"In 1978, four rebellious teenagers try to scam their way into a KISS concert.",['Adam Rifkin'],"['Edward Furlong', 'Giuseppe Andrews', 'James DeBello', 'Sam Huntington']","40,353",$4.22M
131,I'm Not There,(2007),R,135 min,"Biography, Drama, Music",6.8,73        ,"Ruminations on the life of Bob Dylan, where six characters embody a different aspect of the musician's life and work.",['Todd Haynes'],"['Christian Bale', 'Cate Blanchett', 'Heath Ledger', 'Ben Whishaw']","59,970",$4.02M
132,Jersey Boys,(2014),R,134 min,"Biography, Drama, Music",6.8,54        ,The story of four young men from the wrong side of the tracks in New Jersey who came together to form the iconic 1960s rock group The Four Seasons.,['Clint Eastwood'],"['John Lloyd Young', 'Erich Bergen', 'Michael Lomenda', 'Vincent Piazza']","35,727",$47.03M
133,Florence Foster Jenkins,(2016),PG-13,111 min,"Biography, Comedy, Drama",6.8,71        ,"The story of Florence Foster Jenkins, a New York heiress who dreamed of becoming an opera singer, despite having a terrible singing voice.",['Stephen Frears'],"['Meryl Streep', 'Hugh Grant', 'Simon Helberg', 'Rebecca Ferguson']","57,810",$27.38M
134,Beavis and Butt-Head Do America,(1996),PG-13,81 min,"Animation, Adventure, Comedy",6.8,64        ,"Our intrepid adolescent heroes wake up to find their beloved television stolen, and embark on an epic journey across America to recover it, and, who knows, maybe even score.","['Mike Judge', 'Mike de Seve', 'Brian Mulroney', 'Yvette Kaplan']","['Mike Judge', 'Bruce Willis', 'Demi Moore', 'Cloris Leachman']","58,995",$63.12M
135,Quartet,(2012),PG-13,98 min,"Comedy, Drama, Music",6.8,64        ,"At a home for retired musicians, the annual concert to celebrate Composer Giuseppe Verdi's birthday is disrupted by the arrival of Jean (Dame Maggie Smith), an eternal diva and the former wife of one of the residents.",['Dustin Hoffman'],"['Maggie Smith', 'Michael Gambon', 'Billy Connolly', 'Tom Courtenay']","20,711",$18.39M
136,Purple Hearts,(2022),TV-14,122 min,"Drama, Music, Romance",6.7,30        ,"In spite of their many differences, Cassie, a struggling singer-songwriter, and Luke, a troubled Marine, agree to marry solely for military benefits. But when tragedy strikes, the line between real and pretend begins to blur.",['Elizabeth Allen Rosenbaum'],"['Sofia Carson', 'Nicholas Galitzine', 'Chosen Jacobs', 'John Harlan Kim']","42,812",-
137,Empire Records,(1995),PG-13,90 min,"Comedy, Drama, Music",6.7,36        ,Twenty-four hours in the lives of the young employees at Empire Records when they all grow up and become young adults thanks to each other and the manager. They all face the store joining a chain store with strict rules.,['Allan Moyle'],"['Anthony LaPaglia', 'Debi Mazar', 'Maxwell Caulfield', 'Rory Cochrane']","58,932",$0.30M
138,Popstar: Never Stop Never Stopping,(2016),R,87 min,"Comedy, Drama, Music",6.7,68        ,"When it becomes clear that his solo album is a failure, a former boy band member does everything in his power to maintain his celebrity status.","['Akiva Schaffer', 'Jorma Taccone']","['Andy Samberg', 'Jorma Taccone', 'Akiva Schaffer', 'Sarah Silverman']","65,114",$9.39M
139,Streets of Fire,(1984),PG,93 min,"Action, Crime, Drama",6.7,59        ,"A mercenary is hired to rescue his ex-girlfriend, a singer who has been kidnapped by a motorcycle gang.",['Walter Hill'],"['Michael Paré', 'Diane Lane', 'Rick Moranis', 'Amy Madigan']","22,846",$8.09M
140,Metal Lords,(2022),R,97 min,"Comedy, Music",6.7,59        ,Two friends try to form a heavy metal band with a cellist for a Battle of the Bands.,['Peter Sollett'],"['Jaeden Martell', 'Adrian Greensmith', 'Isis Hainsworth', 'Noah Urrea']","30,187",-
141,Singles,(1992),PG-13,99 min,"Comedy, Drama, Music",6.7,71        ,A group of twenty-something friends search for love and success in grunge-era Seattle.,['Cameron Crowe'],"['Bridget Fonda', 'Campbell Scott', 'Kyra Sedgwick', 'Sheila Kelley']","31,412",$18.47M
142,If I Stay,(2014),PG-13,107 min,"Drama, Fantasy, Music",6.7,46        ,"Life changes in an instant for young Mia Hall after a car accident puts her in a coma. During an out-of-body experience, she must decide whether to wake up and live a life far different than she had imagined. The choice is hers if she can go on.",['R.J. Cutler'],"['Chloë Grace Moretz', 'Mireille Enos', 'Jamie Blackley', 'Joshua Leonard']","125,887",$50.47M
143,Moxie,(I) (2021),PG-13,111 min,"Comedy, Drama, Music",6.7,54        ,"Inspired by her mom's rebellious past and a confident new friend, a shy 16-year-old publishes an anonymous zine calling out sexism at her school.",['Amy Poehler'],"['Hadley Robinson', 'Lauren Tsai', 'Alycia Pascual-Pena', 'Nico Hiraga']","27,196",-
144,Leap!,(2016),PG,89 min,"Animation, Adventure, Comedy",6.7,48        ,"An orphan girl dreams of becoming a ballerina and flees her rural Brittany for Paris, where she passes for someone else and accedes to the position of pupil at the Grand Opera House.","['Eric Summer', 'Éric Warin']","['Elle Fanning', 'Dane DeHaan', 'Carly Rae Jepsen', 'Maddie Ziegler']","23,364",$24.70M
145,Notorious,(2009),R,122 min,"Biography, Crime, Drama",6.7,60        ,"The life and death story of The Notorious B.I.G. (a.k.a. Christopher Wallace), who came straight out of Brooklyn to take the world of rap music by storm.",['George Tillman Jr.'],"['Jamal Woolard', 'Anthony Mackie', 'Derek Luke', 'Momo Dione']","45,061",$36.84M
146,Center Stage,(2000),PG-13,115 min,"Drama, Music, Romance",6.7,52        ,A group of 12 teenagers from various backgrounds enroll at the American Ballet Academy in New York to make it as ballet dancers and each one deals with the problems and stress of training and getting ahead in the world of dance.,['Nicholas Hytner'],"['Amanda Schull', 'Ethan Stiefel', 'Sascha Radetsky', 'Christine Dunham']","22,163",$17.17M
147,The Soloist,(2009),PG-13,117 min,"Biography, Drama, Music",6.7,61        ,A newspaper journalist discovers a homeless musical genius and tries to improve his situation.,['Joe Wright'],"['Jamie Foxx', 'Robert Downey Jr.', 'Catherine Keener', 'Tom Hollander']","54,576",$31.67M
148,Taking Woodstock,(2009),R,120 min,"Biography, Comedy, Drama",6.7,55        ,A man working at his parents' motel in the Catskills inadvertently sets in motion the generation-defining concert in the summer of 1969.,['Ang Lee'],"['Demetri Martin', 'Henry Goodman', 'Edward Hibbert', 'Imelda Staunton']","29,623",$7.44M
149,A Monster in Paris,(2011),PG,90 min,"Animation, Adventure, Comedy",6.7,-,"A 3D-animated movie set in Paris in the year 1910 and centered on a monster who lives in a garden and his love for a beautiful, young singer.",['Bibo Bergeron'],"['Matthieu Chedid', 'Vanessa Paradis', 'Gad Elmaleh', 'François Cluzet']","21,893",-
150,A Prairie Home Companion,(2006),PG-13,105 min,"Comedy, Drama, Music",6.7,75        ,"A look at what goes on backstage during the last broadcast of America's most celebrated radio show, where singing cowboys Dusty and Lefty, a country music siren, and a host of others hold court.",['Robert Altman'],"['Lily Tomlin', 'Meryl Streep', 'Woody Harrelson', 'John C. Reilly']","23,219",$20.34M
151,Footloose,(1984),PG,107 min,"Drama, Music, Romance",6.6,42        ,"A city teenager moves to a small town where rock music and dancing have been banned, and his rebellious spirit shakes up the populace.",['Herbert Ross'],"['Kevin Bacon', 'Lori Singer', 'John Lithgow', 'Dianne Wiest']","85,918",$80.04M
152,Fame,(1980),R,134 min,"Drama, Music, Musical",6.6,58        ,A chronicle of the lives of several teenagers who attend a New York high school for students gifted in the performing arts.,['Alan Parker'],"['Eddie Barth', 'Irene Cara', 'Lee Curreri', 'Laura Dean']","23,810",$0.12M
153,Dreamgirls,(2006),PG-13,130 min,"Drama, Music, Musical",6.6,76        ,"A trio of black female soul singers cross over to the pop charts in the early 1960s, facing their own personal struggles along the way.",['Bill Condon'],"['Beyoncé', 'Jamie Foxx', 'Eddie Murphy', 'Danny Glover']","75,455",$103.37M
154,"Juliet, Naked",(2018),R,97 min,"Comedy, Drama, Music",6.6,67        ,"Annie (the long-suffering girlfriend of Duncan) has an unlikely transatlantic romance with once revered, now faded, singer-songwriter, Tucker Crowe, who also happens to be the subject of Duncan's musical obsession.",['Jesse Peretz'],"[""Chris O'Dowd"", 'Rose Byrne', 'Ethan Hawke', ""Kitty O'Beirne""]","23,693",$3.44M
155,"New York, New York",(1977),PG,155 min,"Drama, Music, Musical",6.6,64        ,"An egotistical saxophonist and a young lounge singer meet on VJ Day and embark upon a strained and rocky romance, even as their careers begin a long, uphill climb.",['Martin Scorsese'],"['Liza Minnelli', 'Robert De Niro', 'Lionel Stander', 'Barry Primus']","20,830",$16.40M
156,Nick and Norah's Infinite Playlist,(2008),PG-13,90 min,"Comedy, Drama, Music",6.6,64        ,"High school student Nick O'Leary, member of the Queercore band The Jerk Offs, meets college-bound Norah Silverberg when she asks him to be her boyfriend for five minutes.",['Peter Sollett'],"['Michael Cera', 'Kat Dennings', 'Aaron Yoo', 'Rafi Gavron']","94,033",$31.49M
157,Meet the Feebles,(1989),Not Rated,97 min,"Comedy, Music, Musical",6.6,-,Multiple animals and insects experience the sleazier side of show business while working on a variety show.,['Peter Jackson'],"['Danny Mulheron', 'Donna Akersten', 'Stuart Devenie', 'Mark Hadlow']","21,720",-
158,Take the Lead,(2006),PG-13,118 min,"Drama, Music",6.6,55        ,The real story of a dance teacher who believed in the talent of a group of problem kids.,['Liz Friedlander'],"['Antonio Banderas', 'Rob Brown', 'Yaya DaCosta', 'Alfre Woodard']","26,267",$34.74M
159,Eurovision Song Contest: The Story of Fire Saga,(2020),PG-13,123 min,"Comedy, Music",6.5,50        ,"When aspiring musicians Lars and Sigrit are given the opportunity to represent their country at the world's biggest song competition, they finally have a chance to prove that any dream worth having is a dream worth fighting for.",['David Dobkin'],"['Will Ferrell', 'Rachel McAdams', 'Dan Stevens', 'Mikael Persbrandt']","98,255",-
160,Sister Act,(1992),PG,100 min,"Comedy, Family, Music",6.5,51        ,"When a nightclub singer is forced to take refuge from the mob in a convent, she ends up turning the convent choir into a soulful chorus complete with a Motown repertoire, until the sudden celebrity of the choir jeopardizes her identity.",['Emile Ardolino'],"['Whoopi Goldberg', 'Maggie Smith', 'Harvey Keitel', 'Bill Nunn']","103,499",$139.61M
161,Step Up,(2006),PG-13,104 min,"Crime, Drama, Music",6.5,48        ,"Tyler Gage receives the opportunity of a lifetime after vandalizing a performing arts school, gaining him the chance to earn a scholarship and dance with an up and coming dancer, Nora.",['Anne Fletcher'],"['Channing Tatum', 'Jenna Dewan', 'Damaine Radcliff', ""De'Shawn Washington""]","122,461",$65.33M
162,Ocean's Eleven,(1960),Approved,127 min,"Comedy, Crime, Music",6.5,57        ,Danny Ocean gathers a group of his World War II compatriots to pull off the ultimate Las Vegas heist. Together the eleven friends plan to rob five Las Vegas casinos in one night.,['Lewis Milestone'],"['Frank Sinatra', 'Dean Martin', 'Sammy Davis Jr.', 'Peter Lawford']","24,148",$12.32M
163,The Runaways,(2010),R,106 min,"Biography, Drama, Music",6.5,65        ,A coming-of-age biographical film about the 1970s teenage all-girl rock band The Runaways. The relationship between band members Cherie Currie and Joan Jett is also explored.,['Floria Sigismondi'],"['Kristen Stewart', 'Dakota Fanning', 'Michael Shannon', 'Stella Maeve']","50,096",$3.57M
164,Purple Rain,(1984),R,111 min,"Drama, Music, Romance",6.5,55        ,"A young musician, tormented by an abusive situation at home, must contend with a rival singer, a burgeoning romance, and his own dissatisfied band, as his star begins to rise.",['Albert Magnoli'],"['Prince', 'Apollonia Kotero', 'Morris Day', 'Olga Karlatos']","22,800",$68.39M
165,Music and Lyrics,(2007),PG-13,104 min,"Comedy, Music, Romance",6.5,59        ,"A washed up singer is given a couple days to compose a chart-topping hit for an aspiring teen sensation. Though he's never written a decent lyric in his life, he sparks with an offbeat younger woman with a flair for words.",['Marc Lawrence'],"['Hugh Grant', 'Drew Barrymore', 'Scott Porter', 'Nick Bacon']","105,194",$50.57M
166,Pitch Perfect 2,(2015),PG-13,115 min,"Comedy, Music",6.4,63        ,"After a humiliating command performance at The Kennedy Center, the Barden Bellas enter an international competition that no American group has ever won in order to regain their status and right to perform.",['Elizabeth Banks'],"['Anna Kendrick', 'Rebel Wilson', 'Hailee Steinfeld', 'Brittany Snow']","163,512",$184.30M
167,Trolls,(2016),PG,92 min,"Animation, Adventure, Comedy",6.4,55        ,"After the Bergens invade Troll Village, Poppy, the happiest Troll ever born, and the curmudgeonly Branch set off on a journey to rescue her friends.","['Mike Mitchell', 'Walt Dohrn']","['Anna Kendrick', 'Justin Timberlake', 'Zooey Deschanel', 'Christopher Mintz-Plasse']","86,081",$153.71M
168,Burlesque,(I) (2010),PG-13,119 min,"Drama, Music, Musical",6.4,47        ,A small-town girl ventures to Los Angeles and finds her place in a neo-burlesque club run by a former dancer.,['Steve Antin'],"['Cher', 'Christina Aguilera', 'Alan Cumming', 'Eric Dane']","89,552",$39.44M
169,Happy Feet,(2006),PG,108 min,"Animation, Adventure, Comedy",6.4,77        ,"Into the world of the Emperor Penguins, who find their soul mates through song, a penguin is born who cannot sing. But he can tap dance something fierce!","['George Miller', 'Warren Coleman', 'Judy Morris']","['Elijah Wood', 'Brittany Murphy', 'Hugh Jackman', 'Robin Williams']","192,806",$198.00M
170,A Bigger Splash,(2015),R,125 min,"Drama, Music, Thriller",6.4,74        ,A famous rock star's vacation in Italy with her boyfriend is disrupted by the unexpected visit of an old friend and his daughter.,['Luca Guadagnino'],"['Tilda Swinton', 'Matthias Schoenaerts', 'Ralph Fiennes', 'Dakota Johnson']","31,514",$1.98M
171,Step Up Revolution,(2012),PG-13,99 min,"Drama, Music, Romance",6.4,43        ,"Emily arrives in Miami with aspirations to become a professional dancer. She sparks with Sean, the leader of a dance crew whose neighborhood is threatened by Emily's father's development plans.",['Scott Speer'],"['Kathryn McCormick', 'Ryan Guzman', 'Cleopatra Coleman', 'Misha Gabriel Hamilton']","57,212",$35.07M
172,The Bodyguard,(1992),R,129 min,"Action, Drama, Music",6.3,39        ,"A former Secret Service agent takes on the job of bodyguard to an R&B singer, whose lifestyle is most unlike a President's.",['Mick Jackson'],"['Kevin Costner', 'Whitney Houston', 'Gary Kemp', 'Bill Cobbs']","141,320",$121.95M
173,Freaky Friday,(2003),PG,97 min,"Comedy, Family, Fantasy",6.3,70        ,"An overworked mother and her daughter do not get along. When they switch bodies, each is forced to adapt to the other's life for one freaky Friday.",['Mark Waters'],"['Jamie Lee Curtis', 'Lindsay Lohan', 'Mark Harmon', 'Harold Gould']","144,927",$110.23M
174,Get Him to the Greek,(2010),R,109 min,"Comedy, Music",6.3,65        ,A record company intern is hired to accompany out-of-control British rock star Aldous Snow to a concert at L.A.'s Greek Theater.,['Nicholas Stoller'],"['Jonah Hill', 'Russell Brand', 'Elisabeth Moss', 'Rose Byrne']","182,190",$60.97M
175,Rio 2,(2014),G,101 min,"Animation, Adventure, Comedy",6.3,49        ,"It's a jungle out there for Blu, Jewel, and their three kids after they're hurtled from Rio de Janeiro to the wilds of the Amazon. As Blu tries to fit in, he goes beak-to-beak with the vengeful Nigel and meets his father-in-law.",['Carlos Saldanha'],"['Jesse Eisenberg', 'Anne Hathaway', 'Jemaine Clement', 'Andy Garcia']","95,228",$131.54M
176,Rock Star,(2001),R,105 min,"Drama, Music",6.3,54        ,Lead singer of a tribute band becomes lead singer of the real band he idolizes.,['Stephen Herek'],"['Mark Wahlberg', 'Jennifer Aniston', 'Dominic West', 'Jason Bonham']","44,329",$17.01M
177,Bill & Ted's Bogus Journey,(1991),PG,93 min,"Adventure, Comedy, Fantasy",6.3,60        ,A tyrant from the future creates evil android doubles of Bill and Ted and sends them back to eliminate the originals.,['Peter Hewitt'],"['Keanu Reeves', 'Alex Winter', 'William Sadler', 'Joss Ackland']","78,515",$38.04M
178,To Rome with Love,(2012),R,112 min,"Comedy, Music, Romance",6.3,54        ,"The lives of some visitors and residents of Rome and the romances, adventures and predicaments they get into.",['Woody Allen'],"['Woody Allen', 'Penélope Cruz', 'Jesse Eisenberg', 'Elliot Page']","89,359",$16.69M
179,David Brent: Life on the Road,(2016),Not Rated,96 min,"Comedy, Music",6.3,54        ,"A camera crew catches up with David Brent, the former star of the fictional British TV series The Office (2001), as he now fancies himself a rock star on the road.",['Ricky Gervais'],"['Ricky Gervais', 'Rob Jarvis', 'Abbie Murphy', 'Mandeep Dhillon']","21,330",-
180,Dick Tracy,(1990),PG,105 min,"Action, Comedy, Crime",6.2,68        ,The comic strip detective finds his life vastly complicated when Breathless Mahoney makes advances towards him while he is trying to battle Big Boy Caprice's united mob.,['Warren Beatty'],"['Warren Beatty', 'Madonna', 'Al Pacino', 'Charlie Korsmo']","63,813",$103.74M
181,Flashdance,(1983),R,95 min,"Drama, Music, Romance",6.2,39        ,A Pittsburgh woman with two jobs as a welder and an exotic dancer wants to get into ballet school.,['Adrian Lyne'],"['Jennifer Beals', 'Michael Nouri', 'Lilia Skala', 'Sunny Johnson']","56,747",$94.90M
182,A Night at the Roxbury,(1998),PG-13,82 min,"Comedy, Music, Romance",6.2,26        ,"Two dim-witted brothers dream of owning their own dance club or at least getting into the coolest and most exclusive club in town, The Roxbury.",['John Fortenberry'],"['Chris Kattan', 'Will Ferrell', 'Raquel Gardner', 'Viveca Paulin']","62,510",$30.32M
183,Wayne's World 2,(1993),PG-13,95 min,"Comedy, Music",6.2,60        ,The inseparable duo try to organize a rock concert while Wayne must fend off a record producer who has an eye for his girlfriend.,['Stephen Surjik'],"['Mike Myers', 'Dana Carvey', 'Christopher Walken', 'Tia Carrere']","85,474",$48.20M
184,The Perfection,(2018),TV-MA,90 min,"Drama, Horror, Music",6.2,60        ,"When troubled musical prodigy Charlotte seeks out Elizabeth, the new star pupil of her former school, the encounter sends both musicians down a sinister path with shocking consequences.",['Richard Shepard'],"['Marie Maskell', 'Allison Williams', 'Christina Jastrzembska', 'Glynis Davies']","46,699",-
185,Save the Last Dance,(2001),PG-13,112 min,"Drama, Music, Romance",6.2,53        ,"A white midwestern girl moves to Chicago, where her new boyfriend is a black teen from the South Side with a rough, semi-criminal past.",['Thomas Carter'],"['Julia Stiles', 'Sean Patrick Thomas', 'Kerry Washington', 'Fredro Starr']","64,136",$91.06M
186,Shall We Dance,(2004),PG-13,106 min,"Comedy, Drama, Music",6.2,47        ,"A romantic comedy where a bored, overworked Estate Lawyer, upon first sight of a beautiful instructor, signs up for ballroom dancing lessons.",['Peter Chelsom'],"['Richard Gere', 'Jennifer Lopez', 'Susan Sarandon', 'Stanley Tucci']","48,290",$57.89M
187,Step Up 2: The Streets,(2008),PG-13,98 min,"Drama, Music, Romance",6.2,50        ,Romantic sparks occur between two dance students from different backgrounds at the Maryland School of the Arts.,['Jon M. Chu'],"['Robert Hoffman', 'Briana Evigan', 'Cassie Ventura', 'Adam Sevani']","89,260",$58.02M
188,The Rocker,(2008),PG-13,102 min,"Comedy, Music",6.2,53        ,"In the 1980s, a drummer is abandoned by his band just before they become rock superstars. Twenty years later, the drummer sees his second chance at stardom arise when he is asked to perform with his teenage nephew's high school rock band.",['Peter Cattaneo'],"['Rainn Wilson', 'Josh Gad', 'Christina Applegate', 'Teddy Geiger']","39,525",$6.41M
189,We Are Your Friends,(2015),R,96 min,"Drama, Music, Romance",6.2,46        ,"Caught between a forbidden romance and the expectations of his friends, aspiring DJ Cole Carter attempts to find the path in life that leads to fame and fortune.",['Max Joseph'],"['Zac Efron', 'Wes Bentley', 'Emily Ratajkowski', 'Jonny Weston']","39,641",$3.59M
190,Step Up 3D,(2010),PG-13,107 min,"Drama, Music, Romance",6.2,45        ,A tight-knit group of New York City street dancers find themselves pitted against the world's best hip hop dancers in a high-stakes showdown.,['Jon M. Chu'],"['Sharni Vinson', 'Rick Malambri', 'Adam Sevani', 'Alyson Stoner']","59,176",$42.40M
191,I'm Still Here,(I) (2010),R,108 min,"Comedy, Drama, Music",6.2,48        ,Documents Joaquin Phoenix's transition from the acting world to a career as an aspiring rapper.,['Casey Affleck'],"['Joaquin Phoenix', 'Antony Langdon', 'Carey Perloff', 'Larry McHale']","23,300",$0.41M
192,Marry Me,(2022),PG-13,112 min,"Comedy, Music, Romance",6.1,51        ,"Music superstars Kat Valdez and Bastian are getting married before a global audience of fans. But when Kat learns, seconds before her vows, that Bastian has been unfaithful, she instead decides to marry Charlie, a stranger in the crowd.",['Kat Coiro'],"['Jennifer Lopez', 'Owen Wilson', 'Maluma', 'John Bradley']","35,928",-
193,Airheads,(1994),PG-13,92 min,"Comedy, Crime, Music",6.1,46        ,Three band members hoping for a big break head to a radio station to play their demo tape and wind up holding everyone hostage with plastic guns when the head D.J. refuses to play them.,['Michael Lehmann'],"['Brendan Fraser', 'Steve Buscemi', 'Adam Sandler', 'Chris Farley']","54,007",$5.37M
194,The Last Song,(2010),PG,107 min,"Drama, Music, Romance",6.0,33        ,"A rebellious girl is sent to a Southern beach town for the summer to stay with her father. Through their mutual love of music, the estranged duo learn to reconnect.",['Julie Anne Robinson'],"['Miley Cyrus', 'Liam Hemsworth', 'Greg Kinnear', 'Bobby Coleman']","90,136",$62.95M
195,Ricki and the Flash,(2015),PG-13,101 min,"Comedy, Drama, Music",6.0,54        ,"A musician who gave up everything for her dream of rock-and-roll stardom returns home, looking to make things right with her family.",['Jonathan Demme'],"['Meryl Streep', 'Kevin Kline', 'Mamie Gummer', 'Sebastian Stan']","24,153",$26.82M
196,Bill & Ted Face the Music,(2020),PG-13,91 min,"Adventure, Comedy, Music",5.9,65        ,"Once told they'd save the universe during a time-traveling adventure, two would-be rockers from San Dimas, California find themselves as middle-aged dads still trying to crank out a hit song and fulfill their destiny.",['Dean Parisot'],"['Keanu Reeves', 'Alex Winter', 'Kristen Schaal', 'Samara Weaving']","50,412",-
197,54,(1998),R,93 min,"Drama, Music",5.9,33        ,The famous 1970s New York City nightclub seen and told through the eyes of a young employee.,['Mark Christopher'],"['Ryan Phillippe', 'Salma Hayek', 'Neve Campbell', 'Mike Myers']","33,874",$16.57M
198,All Eyez on Me,(2017),R,139 min,"Biography, Drama, Music",5.9,38        ,"Tells the true and untold story of prolific rapper, actor, poet and activist Tupac Shakur.",['Benny Boom'],"['Demetrius Shipp Jr.', 'Danai Gurira', 'Kat Graham', 'Annie Ilonzeh']","24,031",$44.92M
199,Step Up All In,(2014),PG-13,112 min,"Drama, Music, Romance",5.9,45        ,"All-stars from the previous Step Up installments come together in glittering Las Vegas, battling for a victory that could define their dreams and their careers.",['Trish Sie'],"['Ryan Guzman', 'Briana Evigan', 'Adam Sevani', 'Misha Gabriel Hamilton']","35,319",$14.90M
200,Drumline,(2002),PG-13,118 min,"Comedy, Drama, Romance",5.9,63        ,A band director recruits a Harlem street drummer to play at a Southern university.,['Charles Stone III'],"['Nick Cannon', 'Zoe Saldana', 'Orlando Jones', 'Leonard Roberts']","35,381",$56.40M
201,Captain Corelli's Mandolin,(2001),R,131 min,"Drama, Music, Romance",5.9,36        ,"When a fisherman leaves to fight with the Greek army during World War II, his fiancée falls in love with the local Italian commander.",['John Madden'],"['Nicolas Cage', 'Penélope Cruz', 'John Hurt', 'Christian Bale']","35,179",$25.54M
202,Dirty Dancing: Havana Nights,(2004),PG-13,86 min,"Drama, Music, Romance",5.9,39        ,"High school senior Katey moves to Havana in November 1958, when her dad gets a promotion at Ford. She meets a local waiter, who introduces her to sensual Cuban music/dance. They enter a big dance contest for the prize when he gets fired.",['Guy Ferland'],"['Diego Luna', 'Romola Garai', 'Sela Ward', 'John Slattery']","28,838",$14.16M
203,Pitch Perfect 3,(2017),PG-13,93 min,"Comedy, Music",5.8,40        ,"Following their win at the world championship, the now separated Bellas reunite for one last singing competition at an overseas USO tour, but face a group who uses both instruments and voices.",['Trish Sie'],"['Anna Kendrick', 'Rebel Wilson', 'Brittany Snow', 'Anna Camp']","67,955",$104.90M
204,Footloose,(2011),PG-13,113 min,"Comedy, Drama, Music",5.8,58        ,"City teenager Ren MacCormack moves to a small town where rock music and dancing have been banned, and his rebellious spirit shakes up the populace.",['Craig Brewer'],"['Kenny Wormald', 'Julianne Hough', 'Dennis Quaid', 'Andie MacDowell']","51,611",$51.80M
205,Happy Feet Two,(2011),PG,100 min,"Animation, Adventure, Comedy",5.8,50        ,"Mumble's son, Erik, is struggling to realize his talents in the Emperor Penguin world. Meanwhile, Mumble and his family and friends discover a new threat their home -- one that will take everyone working together to save them.","['George Miller', 'Gary Eck', 'David Peers']","['Elijah Wood', 'Robin Williams', 'Pink', 'Carlos Alazraqui']","46,306",$64.01M
206,Raise Your Voice,(2004),PG,103 min,"Family, Music, Musical",5.8,33        ,A girl from a small town heads to the big city of Los Angeles to spend the summer at a performing arts high school.,['Sean McNamara'],"['Hilary Duff', 'John Corbett', 'Rebecca De Mornay', 'Oliver James']","28,421",$10.41M
207,Ae Dil Hai Mushkil,(2016),Not Rated,158 min,"Drama, Music, Musical",5.8,40        ,"This story explores love - the shapes it takes, the ways it changes us and the exhilarating and often terrifying ride it takes us on. It is the journey of two characters, Alizeh and Ayan, as they navigate life, love and heartbreak.",['Karan Johar'],"['Ranbir Kapoor', 'Aishwarya Rai Bachchan', 'Anushka Sharma', 'Fawad Khan']","24,482",$4.24M
208,Sister Act 2: Back in the Habit,(1993),PG,107 min,"Comedy, Family, Music",5.7,38        ,Showgirl Deloris Van Cartier returns as Sister Mary Clarence to teach music to a group of Catholic students whose run-down school is slated for closure.,['Bill Duke'],"['Whoopi Goldberg', 'Kathy Najimy', 'Maggie Smith', 'Barnard Hughes']","56,243",$57.32M
209,Coyote Ugly,(2000),PG-13,100 min,"Comedy, Drama, Music",5.7,27        ,"Aspiring songwriter Violet Sanford, after getting a job at a women-run NYC bar that teases its male patrons, comes out of her shell.",['David McNally'],"['Piper Perabo', 'Adam Garcia', 'John Goodman', 'Maria Bello']","118,024",$60.79M
210,Last Days,(2005),R,97 min,"Drama, Music",5.7,67        ,A Seattle musician's life and career are reminiscent of those of Kurt Cobain.,['Gus Van Sant'],"['Michael Pitt', 'Lukas Haas', 'Asia Argento', 'Scott Patrick Green']","23,236",$0.45M
211,Magic Mike XXL,(2015),R,115 min,"Comedy, Drama, Music",5.6,60        ,"Three years after Mike bowed out of the stripper life at the top of his game, he and the remaining Kings of Tampa hit the road to Myrtle Beach to put on one last blow-out performance.",['Gregory Jacobs'],"['Channing Tatum', 'Joe Manganiello', 'Matt Bomer', 'Adam Rodriguez']","59,648",$66.01M
212,Josie and the Pussycats,(2001),PG-13,98 min,"Comedy, Music",5.6,47        ,A girl group find themselves in the middle of a conspiracy to deliver subliminal messages through popular music.,"['Harry Elfont', 'Deborah Kaplan']","['Rachael Leigh Cook', 'Tara Reid', 'Rosario Dawson', 'Gabriel Mann']","23,976",$14.25M
213,Be Cool,(2005),PG-13,118 min,"Comedy, Crime, Music",5.6,37        ,"Disenchanted with the movie industry, Chili Palmer tries the music industry, meeting and romancing a widow of a music executive on the way.",['F. Gary Gray'],"['John Travolta', 'Uma Thurman', 'Dwayne Johnson', 'Vince Vaughn']","70,967",$56.05M
214,Song to Song,(I) (2017),R,129 min,"Drama, Music, Romance",5.6,54        ,"Two intersecting love triangles. Obsession and betrayal set against the music scene in Austin, Texas.",['Terrence Malick'],"['Ryan Gosling', 'Rooney Mara', 'Michael Fassbender', 'Natalie Portman']","21,656",$0.44M
215,The Lizzie McGuire Movie,(2003),PG,94 min,"Adventure, Comedy, Family",5.5,56        ,"Lizzie McGuire has graduated from middle school and takes a trip to Rome, Italy with her class. And what was supposed to be only a normal trip, becomes a teenager's dream come true.",['Jim Fall'],"['Hilary Duff', 'Adam Lamberg', 'Clayton Snyder', 'Hallie Todd']","40,849",$42.73M
216,American Dreamz,(2006),PG-13,107 min,"Comedy, Music",5.5,45        ,"The new season of ""American Dreamz,"" the wildly popular television singing contest, has captured the country's attention, as the competition looks to be between a young Midwestern gal (Moore) and a showtunes-loving young man from Orange County (Golzari). Recently awakened President Staton (Quaid) even wants in on the craze, as he signs up for the potential explosive season finale.",['Paul Weitz'],"['Hugh Grant', 'Dennis Quaid', 'Mandy Moore', 'Willem Dafoe']","25,001",$7.19M
217,Stomp the Yard,(2007),PG-13,115 min,"Drama, Music, Romance",5.4,44        ,"When his brother is murdered, a street dancer moves to Georgia to work his way through college. He joins a fraternity's step dancing team for a competition. Will he also get an education and the girl?",['Sylvain White'],"['Columbus Short', 'Meagan Good', 'Ne-Yo', 'Darrin Dewitt Henson']","26,059",$61.36M
218,Get Rich or Die Tryin',(2005),R,117 min,"Biography, Crime, Drama",5.4,45        ,A tale of an inner city drug dealer who turns away from a life of crime to pursue his passion of rap music.,['Jim Sheridan'],"['50 Cent', 'Joy Bryant', 'Adewale Akinnuoye-Agbaje', 'Omar Benson Miller']","48,581",$30.98M
219,Honey,(2003),PG-13,94 min,"Drama, Music, Romance",5.3,37        ,"Honey is a sexy, tough music video choreographer who shakes up her life after her mentor gives her an ultimatum: sleep with him or be blacklisted within their industry.",['Bille Woodruff'],"['Jessica Alba', 'Mekhi Phifer', 'Romeo Miller', 'Missy Elliott']","46,558",$30.31M
220,Alvin and the Chipmunks,(2007),PG,92 min,"Animation, Adventure, Comedy",5.2,39        ,Three musical chipmunks are discovered by an aspiring songwriter who wants to use their amazing singing abilities to become famous.,['Tim Hill'],"['Jason Lee', 'Ross Bagdasarian Jr.', 'Janice Karman', 'David Cross']","90,138",$217.33M
221,High School Musical 3: Senior Year,(2008),G,112 min,"Comedy, Drama, Family",4.9,57        ,"As seniors in high school, Troy and Gabriella struggle with the idea of being separated from one another as college approaches. Along with the rest of the Wildcats, they stage a spring musical to address their experiences, hopes and fears about their future.",['Kenny Ortega'],"['Zac Efron', 'Vanessa Hudgens', 'Ashley Tisdale', 'Lucas Grabeel']","65,005",$90.56M
222,Alvin and the Chipmunks: The Road Chip,(2015),PG,92 min,"Animation, Adventure, Comedy",4.9,33        ,The Chipmunks believe that Dave plans to propose to his new girlfriend in Miami.--and dump them. They have three days to get to him and save themselves not only from losing Dave but also from gaining a terrible stepbrother.,['Walt Becker'],"['Jason Lee', 'Justin Long', 'Matthew Gray Gubler', 'Jesse McCartney']","21,063",$85.89M
223,Blues Brothers 2000,(1998),PG-13,123 min,"Action, Comedy, Crime",4.9,-,"Elwood must reunite the old band, with a few new members, and go on another ""Mission from God.""",['John Landis'],"['Dan Aykroyd', 'John Goodman', 'Walter Levine', 'Tom Davis']","34,080",$13.98M
224,Happy New Year,(I) (2014),Not Rated,180 min,"Action, Comedy, Crime",4.9,-,A gang of amateur dancers takes part in a dancing competition to avenge their personal vendetta.,['Farah Khan'],"['Shah Rukh Khan', 'Deepika Padukone', 'Abhishek Bachchan', 'Boman Irani']","38,944",-
225,9 Songs,(2004),Not Rated,71 min,"Drama, Music, Romance",4.7,43        ,"In London, intense sexual encounters take place between an American college student, named Lisa, and an English scientist, named Matt, between attending rock concerts.",['Michael Winterbottom'],"[""Kieran O'Brien"", 'Margo Stilley', 'Robert Levon Been', 'Black Rebel Motorcycle Club']","23,301",$0.05M
226,Confessions of a Teenage Drama Queen,(2004),PG,89 min,"Comedy, Family, Music",4.7,33        ,"A teenage girl is convinced that her home city revolves around her until her family packs up and moves to the suburbs, where she finds herself competing for attention.",['Sara Sugarman'],"['Lindsay Lohan', 'Megan Fox', 'Adam Garcia', 'Glenne Headly']","30,279",$29.33M
227,Hannah Montana: The Movie,(2009),G,102 min,"Comedy, Drama, Family",4.6,47        ,"As Hannah Montana's popularity begins to take over her life, Miley Stewart, on the urging from her father takes a trip to her hometown of Crowley Corners, Tennessee to get some perspective on what matters in life the most.",['Peter Chelsom'],"['Miley Cyrus', 'Emily Osment', 'Billy Ray Cyrus', 'Jason Earles']","44,128",$79.57M
228,Grease 2,(1982),PG,115 min,"Comedy, Music, Musical",4.5,52        ,A British student at a 1960s American high school must prove himself to the leader of a girls' gang whose members can only date greasers.,['Patricia Birch'],"['Michelle Pfeiffer', 'Maxwell Caulfield', 'Lorna Luft', 'Maureen Teefy']","37,266",$15.17M
229,Alvin and the Chipmunks: The Squeakquel,(2009),PG,88 min,"Animation, Adventure, Comedy",4.5,41        ,"The world-famous singing preteen chipmunk trio return to contend with the pressures of school, celebrity, and a rival female music group known as The Chipettes.",['Betty Thomas'],"['Jason Lee', 'Zachary Levi', 'David Cross', 'Justin Long']","51,710",$219.61M
230,Alvin and the Chipmunks: Chipwrecked,(2011),G,87 min,"Animation, Adventure, Comedy",4.3,24        ,"Playing around while aboard a cruise ship, the Chipmunks and Chipettes accidentally go overboard and end up marooned in a tropical paradise. They discover their new turf is not as deserted as it seems.",['Mike Mitchell'],"['Justin Long', 'Matthew Gray Gubler', 'Jesse McCartney', 'Jason Lee']","37,395",$133.11M
231,You Got Served,(2004),PG-13,95 min,"Drama, Music",3.8,37        ,"In order to achieve their dream of opening a recording studio, two friends (Omarion, Houston) must first win their city's dance contest -- a fierce competition that pits them against a group of tough street dancers.",['Chris Stokes'],"['Omarion', 'Jarell Houston', 'Raz B', ""Lil' Fizz""]","28,287",$40.07M
232,Spice World,(1997),PG,93 min,"Comedy, Family, Music",3.6,32        ,World famous pop group the Spice Girls zip around London in their luxurious double decker tour bus having various adventures and performing for their fans.,['Bob Spiers'],"['Mel B', 'Emma Bunton', 'Melanie C', 'Geri Horner']","36,890",$29.34M
233,Spy Kids 4: All the Time in the World,(2011),PG,89 min,"Action, Adventure, Comedy",3.5,37        ,"A retired spy is called back into action, and to bond with her new step-children, she invites them along for the adventure to stop the evil Timekeeper from taking over the world.",['Robert Rodriguez'],"['Jessica Alba', 'Jeremy Piven', 'Joel McHale', 'Rowan Blanchard']","26,999",$38.54M
234,Bratz,(2007),PG,110 min,"Comedy, Family, Music",3.0,21        ,"During their first year of high school, four best girlfriends face off against the domineering student body President, who wants to split them up into different social cliques.",['Sean McNamara'],"['Skyler Shaye', 'Janel Parrish', 'Logan Browning', 'Nathalia Ramos']","24,333",$10.01M
235,Glitter,(2001),PG-13,104 min,"Drama, Music, Romance",2.4,14        ,"A young singer dates a disc jockey who helps her get into the music business, but their relationship become complicated as she ascends to super stardom.",['Vondie Curtis-Hall'],"['Mariah Carey', 'Eric Benét', 'Max Beesley', 'Da Brat']","23,827",$4.27M
